;architecture;mapper;dataset;policy;threads;value_mean;value_std;error_mean;error_std;max_mean;max_std;min_mean;min_std;counter
0;penguin;gem;GCAT;interleave2;32;39.1081031631;11.69455258301819;0.4724070089378394;0.954705463700487;39.4421453626;12.304401348495809;38.7740609636;11.092262628134483;seconds
1;penguin;gem;GCAT;localalloc2;32;155.49918553210003;117.96141030228921;23.13368904714897;29.58029134948929;171.85717393120004;114.63205637222292;139.141197133;124.75685924712207;seconds
2;penguin;gem;GCAT;partitioning2;32;77.1715866253;39.04713953478231;11.317013550905033;13.762637275216841;83.573456245;43.22133656886053;70.7697170056;36.76087814603952;seconds
