;architecture;mapper;dataset;policy;threads;value_mean;value_std;error_mean;error_std;max_mean;max_std;min_mean;min_std;counter
0;penguin;mem;GCAT;interleave2;32;289.09119043674997;1.9041980004456958;7.650435887734515;3.9484217144539913;294.50086553200003;3.668319024032116;283.6815153415;3.0635615911710534;seconds
1;penguin;mem;GCAT;interleave4;16;229.482785041125;29.27164290222313;39.835565846941506;51.27166421813433;277.17964523779995;109.90259848383516;196.1434555438;2.238967319975488;seconds
2;penguin;mem;GCAT;interleave8;8;259.7438663490875;5.93125032546819;88.34132613042816;17.62884802064858;410.5508049836;43.22188020248465;197.46690283140003;5.556162726322229;seconds
3;penguin;mem;GCAT;localalloc2;32;313.64916251905004;15.698487446712036;33.56233892938586;21.298830657546272;337.38131996849995;30.071633961692232;289.9170050696;6.497848450216622;seconds
4;penguin;mem;GCAT;localalloc4;16;274.0068141666667;35.70389856842961;49.29917098524668;25.69714866027463;320.74488759099995;61.194828315527225;224.44758415419997;21.117720378027574;seconds
5;penguin;mem;GCAT;localalloc8;8;290.605413952;11.90052926809761;113.18893746385967;20.962519759259017;484.28325955029993;44.07379839244283;215.3650261499;9.168397417649075;seconds
6;penguin;mem;GCAT;partitioning2;32;285.88680478365;7.135136809316885;4.1462003558081255;3.167896945656252;288.8186111714;6.704463073709775;282.95499839589996;8.179614937568756;seconds
7;penguin;mem;GCAT;partitioning4;16;273.23303254730837;24.11660120852921;111.33269316526221;45.11394504237187;436.994949541;92.63419454473275;199.4019717701;10.218617995892291;seconds
8;penguin;mem;GCAT;partitioning8;8;240.58923401164998;7.859623479296571;34.63604848298744;14.961456399090798;291.91336632269997;29.426432715127824;210.5466647149;7.321279159751992;seconds
