;architecture;mapper;dataset;policy;threads;value_mean;value_std;error_mean;error_std;max_mean;max_std;min_mean;min_std;counter
0;penguin;snap;GCAT;interleave2;32;181.4077104407;26.604280864172697;2.062166526041709;5.680223290121544;182.8658823752;25.123250248875873;179.9495385062;28.577311877739092;seconds
1;penguin;snap;GCAT;localalloc2;32;319.63576778305;87.24304260192126;14.084087387817945;17.902448587535037;329.5947214818;85.27595237282412;309.67681408429996;90.94617406586413;seconds
2;penguin;snap;GCAT;partitioning2;32;462.1600981016999;335.36548520384105;65.7719093098761;146.61989503973004;508.6678611863;420.586388473692;415.6523350171;263.71291357105287;seconds
