;architecture;mapper;dataset;policy;threads;value_mean;value_std;error_mean;error_std;max_mean;max_std;min_mean;min_std;counter
0;penguin;bowtie2;GCAT;interleave2;32;342.47746269385004;100.73305872734349;348.3775694745615;17.632452388500024;391.7454910516;204.66332839066743;293.2094343361;4.255390264353136;seconds
1;penguin;bowtie2;GCAT;interleave4;16;231.52364901589993;4.276710914089433;33.53967618674855;3.188250575701125;269.5484755563;2.086533210876362;206.65920796199998;4.6777919694845265;seconds
2;penguin;bowtie2;GCAT;interleave8;8;230.63209846946665;13.499787423452807;36.10446998200613;6.239633557272747;275.7241841658;16.14573043365901;200.0330267526;6.585912964757978;seconds
3;penguin;bowtie2;GCAT;localalloc2;32;376.01564678445004;125.84186732096762;344.69245036178415;32.83191872185227;473.5093944143;252.30081806481556;278.5218991546;7.706884206772738;seconds
4;penguin;bowtie2;GCAT;localalloc4;16;234.9615682882333;5.423667586384849;33.544170545940304;2.900242638624146;272.99567742629995;4.869284751798434;211.12747419360002;4.874947513401565;seconds
5;penguin;bowtie2;GCAT;localalloc8;8;229.69910188345003;14.173751312014629;33.024606504367554;3.780458056846462;269.6749837678;4.906304651154193;200.55650819089996;11.359484494605537;seconds
6;penguin;bowtie2;GCAT;partitioning2;32;418.810227156;64.20917578345507;206.9125359858499;101.31088051321007;565.1194844641001;135.4051896701132;272.50096984789997;13.227457440636856;seconds
7;penguin;bowtie2;GCAT;partitioning4;16;242.8276163786333;20.79465319986161;35.15139397895168;2.815569951947995;279.3664546503;18.855242332430716;214.5306765231;13.217221107070117;seconds
8;penguin;bowtie2;GCAT;partitioning8;8;212.9986849508;4.642955229579407;30.245407522713066;2.2717644200826137;252.20234808979998;2.5439186063485058;191.57733867960002;6.195861821832654;seconds
