;architecture;mapper;dataset;instances;threads;counter;mean;std
0;penguin;bowtie2;GCAT;Instance1;8;seconds;681.9510566567001;110.76770774953711
1;penguin;bowtie2;GCAT;Instance2;8;seconds;675.0046892876001;129.40785351535553
2;penguin;bowtie2;GCAT;Instance3;8;seconds;195.98984200569998;6.8130223973969315
3;penguin;bowtie2;GCAT;Instance4;8;seconds;195.7666689461;6.233476553598168
4;penguin;bowtie2;GCAT;Instance5;8;seconds;193.51527616549998;7.045298343356556
5;penguin;bowtie2;GCAT;Instance6;8;seconds;192.8151285206;6.334312119421345
6;penguin;bowtie2;GCAT;Instance7;8;seconds;253.7579100248;5.215582822253141
7;penguin;bowtie2;GCAT;Instance8;8;seconds;253.7699056272;4.161826479277016
