;architecture;mapper;dataset;instances;threads;counter;mean;std
0;penguin;mem;GCAT;Instance1;8;seconds;351.00919604430004;73.42877390851767
1;penguin;mem;GCAT;Instance2;8;seconds;362.3864712566;80.45595870177844
2;penguin;mem;GCAT;Instance3;8;seconds;207.527648271;43.086561544313504
3;penguin;mem;GCAT;Instance4;8;seconds;207.27836127479995;42.64196835332746
4;penguin;mem;GCAT;Instance5;8;seconds;208.21452550950002;44.15332686330701
5;penguin;mem;GCAT;Instance6;8;seconds;207.55533652909997;43.26915000168773
6;penguin;mem;GCAT;Instance7;8;seconds;234.1138975164;34.16786428681924
7;penguin;mem;GCAT;Instance8;8;seconds;234.19816796530003;34.11859731490811
