;architecture;mapper;dataset;instances;threads;counter;mean;std
0;penguin;bowtie2;na12878;Instance1;8;seconds;606.6847635208001;117.22371599672627
1;penguin;bowtie2;na12878;Instance2;8;seconds;608.6393373876;141.96961407678202
2;penguin;bowtie2;na12878;Instance3;8;seconds;114.71261000509999;7.927439383926128
3;penguin;bowtie2;na12878;Instance4;8;seconds;115.76828941360002;8.19407742081314
4;penguin;bowtie2;na12878;Instance5;8;seconds;115.21088212699999;7.969074433146012
5;penguin;bowtie2;na12878;Instance6;8;seconds;114.7763224759;7.598727642802765
6;penguin;bowtie2;na12878;Instance7;8;seconds;144.22122944379998;6.575459427618654
7;penguin;bowtie2;na12878;Instance8;8;seconds;144.67149423689997;6.010291597554141
