;architecture;mapper;dataset;instances;threads;counter;mean;std
0;penguin;mem;na12878;Instance1;8;seconds;269.08142747909994;126.52704110889836
1;penguin;mem;na12878;Instance2;8;seconds;274.0456023580999;125.82929948510306
2;penguin;mem;na12878;Instance3;8;seconds;113.48511544649998;15.677186729800631
3;penguin;mem;na12878;Instance4;8;seconds;114.9064208125;15.531072748115209
4;penguin;mem;na12878;Instance5;8;seconds;113.0392287534;15.264543947533676
5;penguin;mem;na12878;Instance6;8;seconds;113.899225514;15.133841853281183
6;penguin;mem;na12878;Instance7;8;seconds;119.6090875015;16.19741538499338
7;penguin;mem;na12878;Instance8;8;seconds;120.9537640214;16.353942673884013
