;architecture;mapper;dataset;policy;threads;counter;value_mean;value_std;error_mean;error_std;max_mean;max_std;min_mean;min_std
0;penguin;bowtie2;na12878;interleave;8;seconds;137.7029846067125;2.756275947643289;18.246471962140408;2.150496258162246;159.5415928044;6.569184656826327;118.23126994260001;2.9854089738424014
1;penguin;bowtie2;na12878;interleave4;16;seconds;536.5905007123749;101.77514674579346;784.5839970824666;214.8521825069112;1713.1513758424;423.8133412986869;129.13771056299998;10.187870233801569
2;penguin;bowtie2;na12878;localalloc;8;seconds;149.55035533007498;13.883300714458692;25.84543910466935;4.644987267520821;187.7907419968;20.081209448315338;126.90125072129999;13.201140271779543
3;penguin;bowtie2;na12878;localalloc4;16;seconds;604.0866798372499;105.16419471307172;887.6414174524529;217.54229010730026;1935.0385259193001;430.3658772201837;134.5157277486;11.025434056941643
4;penguin;bowtie2;na12878;partitioning;8;seconds;138.33027884132503;5.211294640850991;23.610205648866817;5.355422624745188;174.49569980040002;11.73847544520123;116.15849347570001;7.477577299360542
5;penguin;bowtie2;na12878;partitioning4;16;seconds;506.785982914825;184.87111486100056;729.4426869944639;358.3841480632889;1600.5445259939;722.52451178646;126.7624764834;7.364463876248476
