;architecture;mapper;dataset;policy;threads;counter;value_mean;value_std;error_mean;error_std;max_mean;max_std;min_mean;min_std
0;penguin;mem;na12878;interleave;8;seconds;218.22687900122497;24.773629719831337;148.05456272443638;20.93662344923783;471.511536128;51.5997231879328;121.794245126;18.58594910691615
1;penguin;mem;na12878;interleave4;16;seconds;178.95236622779998;11.362665138710694;85.08496131818266;28.517236505420204;306.32853092569997;48.967246537899314;131.5751246047;10.848267944823817
2;penguin;mem;na12878;localalloc;8;seconds;254.521302269;30.173540743980585;174.3436785363699;37.64826319506276;550.0735295182001;72.86246549421352;142.1048127628;31.308054246938266
3;penguin;mem;na12878;localalloc4;16;seconds;212.8748258698;45.64557522320339;110.49005527506355;80.22116084293897;375.0196673586;166.02666929089676;144.75709973169998;9.652440189218694
4;penguin;mem;na12878;partitioning;8;seconds;158.9479846689875;47.418983223903375;71.32067972202883;45.9554254909842;281.86563559379994;94.93776364680045;113.94599030639998;52.988938778866206
5;penguin;mem;na12878;partitioning4;16;seconds;200.344042523175;13.938186080681223;133.56482719188006;19.00311870130308;400.4648359367;39.953240751190044;128.0700355532;6.175237267141623
