;architecture;mapper;dataset;policy;threads;counter;value_mean;value_std;error_mean;error_std;max_mean;max_std;min_mean;min_std
0;penguin;snap;na12878;interleave;32;seconds;214.88921561055;18.87959072883279;4.69548923414166;5.704894794678822;218.209427889;19.785655164925668;211.5690033321;18.813600572178167
1;penguin;snap;na12878;localalloc;32;seconds;332.07651999014996;69.90142985246953;43.317896122635474;59.287609666937136;362.70689808519995;96.39912816687499;301.44614189509997;63.20323203385206
2;penguin;snap;na12878;partitioning;32;seconds;255.4467594121;69.54618337761288;31.306560145065056;15.360298964157758;277.58384038630004;71.07085357932142;233.3096784379;69.70090243720001
