;architecture;mapper;dataset;policy;threads;counter;value_mean;value_std;error_mean;error_std;max_mean;max_std;min_mean;min_std
0;penguin;gem;na12878;interleave;32;seconds;109.99141295515001;65.48039981946704;8.11919570197897;13.281751896639657;115.7325512938;71.74573151819153;104.2502746165;60.035993065810004
1;penguin;gem;na12878;localalloc;32;seconds;398.60578940525;297.3718491083499;51.654093639379276;63.171612818250786;435.1307492937;317.44262674529256;362.0808295168;282.98562626986245
2;penguin;gem;na12878;partitioning;32;seconds;87.44253959110002;35.50415463905854;39.10241694076689;49.815212334414696;115.0921237707;64.81885809362042;59.792955411499996;28.304787733354996
