;architecture;mapper;dataset;policy;threads;value_mean;value_std;error_mean;error_std;max_mean;max_std;min_mean;min_std;counter
0;batcat;gem;GCAT;interleave2;32;36.390636555;11.94787054711642;0.3782797113770475;0.3027414981236955;36.6581207041;11.930068352754379;36.1231524059;11.969475457788393;seconds
1;batcat;gem;GCAT;localalloc2;32;277.87557957805;244.02533860337505;69.83529838419467;67.32135495976665;327.2565926317;272.6514071648146;228.4945665244;222.0137535506507;seconds
2;batcat;gem;GCAT;partitioning2;32;197.09013595915002;61.15237616961617;59.5419007947752;41.743165111170434;234.9823695942;85.22935691318347;159.1979023241;46.0281258291877;seconds
