;architecture;mapper;dataset;policy;threads;value_mean;value_std;error_mean;error_std;max_mean;max_std;min_mean;min_std;counter
0;batcat;mem;GCAT;interleave2;32;211.76838520375;9.931598970331816;5.255576170707919;8.873698309677371;215.4846387531;14.289217258750638;208.0521316544;8.475500459464678;seconds
1;batcat;mem;GCAT;interleave4;16;174.32597361455;0.2007843042885543;0.4872699280066011;0.10770285495373007;174.93803698649998;0.3168879387529501;173.8550769749;0.1906752529687955;seconds
2;batcat;mem;GCAT;interleave8;8;177.5839244934;11.415169570511168;5.457473814301272;4.472495493133603;187.34590083050003;21.465608912648605;172.73961728830002;8.940588119679402;seconds
3;batcat;mem;GCAT;localalloc2;32;278.58710897369997;18.791290748782146;9.06615221882412;14.935770021578103;284.9978466869;13.601331939747565;272.17637126050005;27.281975947735244;seconds
4;batcat;mem;GCAT;localalloc4;16;262.0087740336;48.14525851251148;78.944758702555;60.307194870434174;359.05330036199996;122.38740587694933;204.88396547410002;21.69550247772889;seconds
5;batcat;mem;GCAT;localalloc8;8;192.44659468936248;6.517854246671223;5.89861200935687;2.763912029687954;202.884634419;9.73830507011318;187.3236717931;6.1451003831802025;seconds
6;batcat;mem;GCAT;partitioning2;32;283.88337795149994;31.579836900795502;41.98717271736558;29.83001330012674;313.5727925028;47.266779378341155;254.19396340020003;25.50006780474617;seconds
7;batcat;mem;GCAT;partitioning4;16;187.8816117383;21.75590777019842;0.6048940120010929;0.7270570566214088;188.61160605729998;22.533181034861748;187.1955415509;21.15280448299115;seconds
8;batcat;mem;GCAT;partitioning8;8;176.67875997763753;14.21802710817924;3.678278815875103;1.7558492321211037;184.6785221033;12.776165358057513;174.18546345980002;14.162830289889735;seconds
