;architecture;mapper;dataset;policy;threads;value_mean;value_std;error_mean;error_std;max_mean;max_std;min_mean;min_std;counter
0;batcat;bowtie2;GCAT;interleave2;32;198.10153628135004;2.586541812763972;0.7618069958911708;0.5333208419266038;198.64021517409998;2.600714516882893;197.5628573886;2.6269968063285853;seconds
1;batcat;bowtie2;GCAT;interleave4;16;210.87833441027504;19.509137776703035;58.2455285785716;31.1716804704763;298.1862210793;64.5915867333141;180.4807054469;8.350045111816396;seconds
2;batcat;bowtie2;GCAT;interleave8;8;181.03463363642499;9.42047376657168;34.48913514563224;24.320835641149063;266.2610331933;69.46825437640496;168.0699613676;0.3802408928016349;seconds
3;batcat;bowtie2;GCAT;localalloc2;32;214.91998957315;19.979526698419033;17.80943777984742;21.365345688440534;227.51316379640002;33.08425141003773;202.32681534989996;12.659908341281863;seconds
4;batcat;bowtie2;GCAT;localalloc4;16;176.07077217715;1.8498168659773668;1.1753732787234707;1.4875808173826766;177.7126799539;3.4875397470088374;175.09833469720002;1.7577724927114418;seconds
5;batcat;bowtie2;GCAT;localalloc8;8;173.49076197;5.845859057276485;1.4726772522729359;0.8542158952712117;176.5018140571;7.39351090070399;171.67431621459997;4.63277062995015;seconds
6;batcat;bowtie2;GCAT;partitioning2;32;211.7017118408;27.90157729956848;14.420151214346731;35.906799349076984;221.89829855019997;52.84803437744163;201.5051251314;7.306129860823227;seconds
7;batcat;bowtie2;GCAT;partitioning4;16;247.21811369045835;41.505305992462084;79.72129603749049;54.24089030832478;353.6923917179;115.15250371981067;188.8624375235;11.438348695224951;seconds
8;batcat;bowtie2;GCAT;partitioning8;8;243.77495129001068;26.628427494540524;106.03856011325259;21.999939103527762;443.02984460849996;50.82147256664228;175.3581470895;11.008057993904416;seconds
