;architecture;mapper;dataset;policy;threads;value_mean;value_std;error_mean;error_std;max_mean;max_std;min_mean;min_std;counter
0;batcat;snap;GCAT;interleave2;32;154.70724945775;57.195794921236576;1.3728710044627508;1.9121398938802827;155.67801585470002;58.396325925576114;153.7364830608;56.00217237493527;seconds
1;batcat;snap;GCAT;localalloc2;32;650.45693482025;239.85181468815713;41.07896989165887;56.39915746535648;679.5041529948;233.32970362694323;621.4097166457001;252.57850341343197;seconds
2;batcat;snap;GCAT;partitioning2;32;845.2810731049;554.0622353584284;80.10717001122383;83.0489772975974;901.9253962414999;535.6828564755497;788.6367499682999;577.8502671186801;seconds
