;architecture;mapper;dataset;instances;threads;counter;mean;std
0;batcat;bowtie2;GCAT;Instance1;8;seconds;173.2032814505;12.023190621540243
1;batcat;bowtie2;GCAT;Instance2;8;seconds;173.7710997502;12.043188768682823
2;batcat;bowtie2;GCAT;Instance3;8;seconds;174.3217125757;12.219280812890558
3;batcat;bowtie2;GCAT;Instance4;8;seconds;173.5205384019;12.00869843779293
4;batcat;bowtie2;GCAT;Instance5;8;seconds;173.9332530658;12.362260099234428
5;batcat;bowtie2;GCAT;Instance6;8;seconds;173.48127673570002;12.186076865784836
6;batcat;bowtie2;GCAT;Instance7;8;seconds;173.5927085445;11.775657367900099
7;batcat;bowtie2;GCAT;Instance8;8;seconds;173.7719156814;12.322949623224336
