;architecture;mapper;dataset;policy;threads;value_mean;value_std;error_mean;error_std;max_mean;max_std;min_mean;min_std;counter
0;batcat;mem;na12878;interleave2;32;124.50653516585001;1.5513381698644504;1.1525515905567236;0.7421905680568378;125.3215122112;2.0196960885200084;123.6915581205;1.1335672824699385;seconds
1;batcat;mem;na12878;interleave4;16;125.894023552875;13.07451997541784;3.523627809827817;2.661062218105835;130.5156967919;14.974213684881935;122.81390450609999;11.67536448153959;seconds
2;batcat;mem;na12878;interleave8;8;99.33801476893748;15.570923458403033;5.309212553014921;5.841997755113973;109.44514604230001;25.247037978291086;93.5766859549;11.945218967142138;seconds
3;batcat;mem;na12878;localalloc2;32;325.1360416702;282.6865623326792;12.720627340903693;26.105359348754728;334.13088352389997;285.08730908003014;316.14119981650003;281.47842019446256;seconds
4;batcat;mem;na12878;localalloc4;16;178.6666417418;29.838266618406603;58.82425105640323;34.75563800724533;262.5710107964;79.45279459618739;143.9978298899;13.241562871216937;seconds
5;batcat;mem;na12878;localalloc8;8;96.58962652428751;15.52352546283329;1.040864684871087;0.38210141867803576;98.096964432;16.094664507384195;95.16139372309999;14.97678620672129;seconds
6;batcat;mem;na12878;partitioning2;32;393.91245807125;337.7734653566684;110.93385382533275;178.4844277439507;472.35453837430003;441.82025143683524;315.4703777681999;254.62400547764994;seconds
7;batcat;mem;na12878;partitioning4;16;126.345373176875;32.085223791188284;10.206800393345919;22.337212815506874;141.45947315389998;49.46721635156027;120.62103404489999;31.9148562795739;seconds
8;batcat;mem;na12878;partitioning8;8;110.4450576778;16.105136629138723;38.21601768000917;8.625161459423083;204.9184434714;34.465817681638725;95.17960416909999;13.893333288542953;seconds
