;architecture;mapper;dataset;policy;threads;value_mean;value_std;error_mean;error_std;max_mean;max_std;min_mean;min_std;counter
0;batcat;bowtie2;na12878;interleave2;32;166.53561929365;7.82024962912622;8.409542623494117;6.373026200929386;172.48206390939998;8.55304002071459;160.58917467789996;9.474891972232967;seconds
1;batcat;bowtie2;na12878;interleave4;16;133.745839046325;9.737844062733233;21.55426108617785;22.20796276990366;164.57699299260003;42.598034336151336;118.7558898237;5.2631265096504825;seconds
2;batcat;bowtie2;na12878;interleave8;8;118.813823964325;6.1805431643984825;4.00643042471014;3.3145610954703675;126.03819095610001;13.720276732478746;113.69885591340001;5.956455957876938;seconds
3;batcat;bowtie2;na12878;localalloc2;32;500.54500131550003;419.223042901745;160.40976643898358;190.44667527542433;602.6291515713;487.06358516825236;398.4608510597001;386.10627544809734;seconds
4;batcat;bowtie2;na12878;localalloc4;16;156.34920961869997;132.56273379002297;31.035119196761862;83.59806491854354;188.39877089819998;213.6288850246829;127.08561346669997;51.05685009736546;seconds
5;batcat;bowtie2;na12878;localalloc8;8;117.09410973044999;5.0703434795616635;4.8705801470742855;3.213917357263548;126.771399313;12.939066203137338;112.57805671299998;3.564378306741726;seconds
6;batcat;bowtie2;na12878;partitioning2;32;353.28046821649997;199.05614761553184;121.08160309406301;150.05756135856348;421.7745663163;297.24354463830485;284.7863701167;104.94172150930999;seconds
7;batcat;bowtie2;na12878;partitioning4;16;134.398887326575;26.255190493625726;35.93280424655617;34.945915007209955;187.88950809029998;78.38346928894478;115.03542919370003;10.509049856468819;seconds
8;batcat;bowtie2;na12878;partitioning8;8;105.68487780051251;14.626525843577713;0.9140928505471735;0.6857895729128324;107.21991408839999;14.933097930205026;104.5192254718;14.16650364538818;seconds
