;architecture;mapper;dataset;instances;threads;counter;mean;std
0;batcat;bowtie2;na12878;Instance1;8;seconds;104.05589147250001;5.301878990707906
1;batcat;bowtie2;na12878;Instance2;8;seconds;104.04421342990001;5.821972897925578
2;batcat;bowtie2;na12878;Instance3;8;seconds;105.4447451214;5.21916618552897
3;batcat;bowtie2;na12878;Instance4;8;seconds;117.6808344048;26.94690967775865
4;batcat;bowtie2;na12878;Instance5;8;seconds;104.88949738010001;4.86730731314335
5;batcat;bowtie2;na12878;Instance6;8;seconds;106.0219366907;5.65481296377575
6;batcat;bowtie2;na12878;Instance7;8;seconds;104.90990219380001;5.006810985223726
7;batcat;bowtie2;na12878;Instance8;8;seconds;108.07515367390002;10.127012280052158
