;architecture;mapper;dataset;instances;threads;counter;mean;std
0;batcat;mem;na12878;Instance1;8;seconds;137.21961870239997;60.30335258974266
1;batcat;mem;na12878;Instance2;8;seconds;125.21573738810002;50.622316458381476
2;batcat;mem;na12878;Instance3;8;seconds;106.87801252890002;11.032476782572482
3;batcat;mem;na12878;Instance4;8;seconds;107.42574679500001;12.583256754419805
4;batcat;mem;na12878;Instance5;8;seconds;99.7786274349;10.651041923096376
5;batcat;mem;na12878;Instance6;8;seconds;101.0998638563;11.238923722683584
6;batcat;mem;na12878;Instance7;8;seconds;100.69506952139999;11.143639736488609
7;batcat;mem;na12878;Instance8;8;seconds;101.5054974279;10.484299453175705
