;architecture;mapper;dataset;policy;threads;counter;value_mean;value_std;error_mean;error_std;max_mean;max_std;min_mean;min_std
0;penguin;bowtie2;GCAT;interleave;8;seconds;735.964211040475;81.55594456449778;946.3541669817154;143.1101321487724;2452.0914470171;436.6911993561817;200.0330267526;6.585912964757978
1;penguin;bowtie2;GCAT;interleave4;16;seconds;1320.1220810618252;513.0184482684758;2177.4137385663444;1021.4509511627147;4585.9173771996;2045.3388136247147;206.65920796199998;4.6777919694845265
2;penguin;bowtie2;GCAT;localalloc;8;seconds;944.9313644132999;94.48306625379934;1330.4471160638202;172.5441438448626;3242.685409957;442.99279024334646;200.55650819089996;11.359484494605537
3;penguin;bowtie2;GCAT;localalloc4;16;seconds;2385.8457454212;219.6706274606203;4301.8563523510475;445.96288434797793;8838.4982768201;888.5873929265803;211.12747419360002;4.874947513401565
4;penguin;bowtie2;GCAT;partitioning;8;seconds;469.5410361921875;70.03530996997571;476.2628770558364;131.79525854847336;1274.4523541344001;283.7452045967651;191.57733867960002;6.195861821832654
5;penguin;bowtie2;GCAT;partitioning4;16;seconds;1446.3158641680125;983.9827923843781;2515.6495196727556;1874.4345927621318;5219.521401407002;3795.735387597218;168.9449753385;43.703106095922166
