;architecture;mapper;dataset;policy;threads;counter;value_mean;value_std;error_mean;error_std;max_mean;max_std;min_mean;min_std
0;penguin;mem;GCAT;interleave;8;seconds;259.7438663490875;5.93125032546819;88.34132613042816;17.62884802064858;410.5508049836;43.22188020248465;197.46690283140003;5.556162726322229
1;penguin;mem;GCAT;interleave4;16;seconds;332.878997272825;13.092074375282522;226.10162355211477;25.094037394637844;670.7934122093;50.79828592443088;196.1434555438;2.238967319975488
2;penguin;mem;GCAT;localalloc;8;seconds;290.605413952;11.90052926809761;113.18893746385967;20.962519759259017;484.28325955029993;44.07379839244283;215.3650261499;9.168397417649075
3;penguin;mem;GCAT;localalloc4;16;seconds;500.41123397664995;77.71138888003246;455.29220973822004;151.44870491874988;1179.6244934066;299.8960507979837;224.44758415419997;21.117720378027574
4;penguin;mem;GCAT;partitioning;8;seconds;240.58923401164998;7.859623479296571;34.63604848298744;14.961456399090798;291.91336632269997;29.426432715127824;210.5466647149;7.321279159751992
5;penguin;mem;GCAT;partitioning4;16;seconds;282.56661232015;16.67018154491765;127.55382874281422;39.71374323932141;471.504956252;75.85337367368064;199.4019717701;10.218617995892291
