;architecture;mapper;dataset;policy;threads;counter;value_mean;value_std;error_mean;error_std;max_mean;max_std;min_mean;min_std
0;penguin;gem;GCAT;interleave;32;seconds;39.1081031631;11.69455258301819;0.4724070089378394;0.954705463700487;39.4421453626;12.304401348495809;38.7740609636;11.092262628134483
1;penguin;gem;GCAT;localalloc;32;seconds;155.49918553210003;117.96141030228921;23.13368904714897;29.58029134948929;171.85717393120004;114.63205637222292;139.141197133;124.75685924712207
2;penguin;gem;GCAT;partitioning;32;seconds;88.9408779009;32.77336187204609;25.69790218219689;34.01356731235491;107.11203879620003;44.20121147702064;70.7697170056;36.76087814603952
