;architecture;mapper;dataset;policy;threads;counter;value_mean;value_std;error_mean;error_std;max_mean;max_std;min_mean;min_std
0;batcat;gem;GCAT;interleave;32;seconds;36.390636555;11.94787054711642;0.3782797113770475;0.3027414981236955;36.6581207041;11.930068352754379;36.1231524059;11.969475457788393
1;batcat;gem;GCAT;localalloc;32;seconds;277.87557957805;244.02533860337505;69.83529838419467;67.32135495976665;327.2565926317;272.6514071648146;228.4945665244;222.0137535506507
2;batcat;gem;GCAT;partitioning;32;seconds;240.47993648410002;104.21271754917872;114.95015508634522;179.58181440827815;321.76197064409996;227.70950945621817;159.1979023241;46.0281258291877
