;architecture;mapper;dataset;policy;threads;value_mean;value_std;error_mean;error_std;max_mean;max_std;min_mean;min_std;counter
0;batcat;bowtie2;GCAT;interleave;8;181.0346336;9.420473767;34.48913515;24.32083564;266.2610332;69.46825438;168.0699614;0.380240893;seconds
1;batcat;bowtie2;GCAT;interleave4;16;210.8783344;19.50913778;58.24552858;31.17168047;298.1862211;64.59158673;180.4807054;8.350045112;seconds
2;batcat;bowtie2;GCAT;localalloc;8;173.490762;5.845859057;1.472677252;0.854215895;176.5018141;7.393510901;171.6743162;4.63277063;seconds
3;batcat;bowtie2;GCAT;localalloc4;16;176.0707722;1.849816866;1.175373279;1.487580817;177.71268;3.487539747;175.0983347;1.757772493;seconds
4;batcat;bowtie2;GCAT;partitioning;8;248.2913943;27.21072277;111.8438236;27.11131608;463.5255251;63.61126018;175.3581471;11.00805799;seconds
5;batcat;bowtie2;GCAT;partitioning4;16;158.0130925;27.20868365;23.75909548;36.25874667;193.5519925;63.43618283;145.0668819;31.6722792;seconds