;architecture;mapper;dataset;policy;threads;counter;value_mean;value_std;error_mean;error_std;max_mean;max_std;min_mean;min_std
0;batcat;mem;GCAT;interleave;8;seconds;177.5839244934;11.415169570511168;5.457473814301272;4.472495493133603;187.34590083050003;21.465608912648605;172.73961728830002;8.940588119679402
1;batcat;mem;GCAT;interleave4;16;seconds;174.32597361455;0.2007843042885543;0.4872699280066011;0.10770285495373007;174.93803698649998;0.3168879387529501;173.8550769749;0.1906752529687955
2;batcat;mem;GCAT;localalloc;8;seconds;192.44659468936248;6.517854246671223;5.89861200935687;2.763912029687954;202.884634419;9.73830507011318;187.3236717931;6.1451003831802025
3;batcat;mem;GCAT;localalloc4;16;seconds;291.59531918085;76.68710030498337;111.23192771887409;78.8505266814546;433.90879508489996;158.15645769134497;204.88396547410002;21.69550247772889
4;batcat;mem;GCAT;partitioning;8;seconds;176.67875997763753;14.21802710817924;3.678278815875103;1.7558492321211037;184.6785221033;12.776165358057513;174.18546345980002;14.162830289889735
5;batcat;mem;GCAT;partitioning4;16;seconds;187.8816117383;21.75590777019842;0.6048940120010929;0.7270570566214088;188.61160605729998;22.533181034861748;187.1955415509;21.15280448299115
