;architecture;mapper;dataset;policy;threads;counter;value_mean;value_std;error_mean;error_std;max_mean;max_std;min_mean;min_std
0;batcat;bowtie2;na12878;interleave;8;seconds;118.813823964325;6.1805431643984825;4.00643042471014;3.3145610954703675;126.03819095610001;13.720276732478746;113.69885591340001;5.956455957876938
1;batcat;bowtie2;na12878;interleave4;16;seconds;133.745839046325;9.737844062733233;21.55426108617785;22.20796276990366;164.57699299260003;42.598034336151336;118.7558898237;5.2631265096504825
2;batcat;bowtie2;na12878;localalloc;8;seconds;117.09410973044999;5.0703434795616635;4.8705801470742855;3.213917357263548;126.771399313;12.939066203137338;112.57805671299998;3.564378306741726
3;batcat;bowtie2;na12878;localalloc4;16;seconds;156.34920961869997;132.56273379002297;31.035119196761862;83.59806491854354;188.39877089819998;213.6288850246829;127.08561346669997;51.05685009736546
4;batcat;bowtie2;na12878;partitioning;8;seconds;105.68487780051251;14.626525843577713;0.9140928505471735;0.6857895729128324;107.21991408839999;14.933097930205026;104.5192254718;14.16650364538818
5;batcat;bowtie2;na12878;partitioning4;16;seconds;139.9554128629;28.893568208553184;46.34281767228346;40.495310099060326;209.39130510879994;89.02664625568839;115.03542919370003;10.509049856468819
