;architecture;mapper;dataset;policy;threads;counter;value_mean;value_std;error_mean;error_std;max_mean;max_std;min_mean;min_std
0;batcat;snap;na12878;interleave;32;seconds;233.89587256354997;92.36065025544666;20.851884683538533;21.607850248387408;248.6403816238;94.1080733971154;219.1513635033;93.12115304836891
1;batcat;snap;na12878;localalloc;32;seconds;854.8477188209001;280.25870539302895;253.46785870098478;307.1558333196631;1034.0765605211998;373.94111036140254;675.6188771206;334.069806808594
2;batcat;snap;na12878;partitioning;32;seconds;707.1866936506;296.6955650932732;132.05947881691242;150.06476857318427;800.566846642;388.3696403285385;613.8065406592;218.50623316060904
